{
  "collapse-filter": true,
  "search": "",
  "showTags": true,
  "showAttachments": false,
  "hideUnresolved": false,
  "showOrphans": true,
  "collapse-color-groups": true,
  "colorGroups": [
    {
      "query": "path:人物",
      "color": {
        "a": 1,
        "rgb": 14701138
      }
    },
    {
      "query": "path:书籍",
      "color": {
        "a": 1,
        "rgb": 14725458
      }
    },
    {
      "query": "path:文献",
      "color": {
        "a": 1,
        "rgb": 11657298
      }
    },
    {
      "query": "path:机构",
      "color": {
        "a": 1,
        "rgb": 5424352
      }
    },
    {
      "query": "path:数据集",
      "color": {
        "a": 1,
        "rgb": 5431473
      }
    },
    {
      "query": "path:笔记",
      "color": {
        "a": 1,
        "rgb": 13500068
      }
    },
    {
      "query": "path:课程",
      "color": {
        "a": 1,
        "rgb": 5395168
      }
    }
  ],
  "collapse-display": true,
  "showArrow": true,
  "textFadeMultiplier": 0,
  "nodeSizeMultiplier": 1.08,
  "lineSizeMultiplier": 1.63125,
  "collapse-forces": true,
  "centerStrength": 0.15,
  "repelStrength": 0,
  "linkStrength": 1,
  "linkDistance": 30,
  "scale": 1,
  "close": false
}