{
  "main": {
    "id": "ded71e62a8228bff",
    "type": "split",
    "children": [
      {
        "id": "0294294d0ac0afd8",
        "type": "tabs",
        "children": [
          {
            "id": "ae5a2262e4d933fb",
            "type": "leaf",
            "state": {
              "type": "empty",
              "state": {}
            }
          }
        ]
      }
    ],
    "direction": "vertical"
  },
  "left": {
    "id": "065b4785f6f806fe",
    "type": "split",
    "children": [
      {
        "id": "86519deb8fd2dbf9",
        "type": "tabs",
        "children": [
          {
            "id": "0a26c7008ce330e0",
            "type": "leaf",
            "state": {
              "type": "file-explorer",
              "state": {
                "sortOrder": "alphabetical"
              }
            }
          },
          {
            "id": "e376ef14f1a271a8",
            "type": "leaf",
            "state": {
              "type": "search",
              "state": {
                "query": "",
                "matchingCase": false,
                "explainSearch": false,
                "collapseAll": false,
                "extraContext": false,
                "sortOrder": "alphabetical"
              }
            }
          },
          {
            "id": "ebfbc69a5a77e761",
            "type": "leaf",
            "state": {
              "type": "starred",
              "state": {}
            }
          }
        ]
      }
    ],
    "direction": "horizontal",
    "width": 300
  },
  "right": {
    "id": "d6e2251d1ceb95e5",
    "type": "split",
    "children": [
      {
        "id": "158e616bc1b65d27",
        "type": "tabs",
        "children": [
          {
            "id": "6971bd2184258f32",
            "type": "leaf",
            "state": {
              "type": "backlink",
              "state": {
                "collapseAll": false,
                "extraContext": false,
                "sortOrder": "alphabetical",
                "showSearch": false,
                "searchQuery": "",
                "backlinkCollapsed": false,
                "unlinkedCollapsed": true
              }
            }
          },
          {
            "id": "af6b04b4871c8222",
            "type": "leaf",
            "state": {
              "type": "outgoing-link",
              "state": {
                "linksCollapsed": false,
                "unlinkedCollapsed": true
              }
            }
          },
          {
            "id": "087168b55694fa21",
            "type": "leaf",
            "state": {
              "type": "tag",
              "state": {
                "sortOrder": "frequency",
                "useHierarchy": true
              }
            }
          },
          {
            "id": "afb6ad4263a7ba16",
            "type": "leaf",
            "state": {
              "type": "outline",
              "state": {}
            }
          }
        ],
        "currentTab": 3
      }
    ],
    "direction": "horizontal",
    "width": 300,
    "collapsed": true
  },
  "left-ribbon": {
    "hiddenItems": {
      "markdown-importer:打开 Markdown 格式转换器": false,
      "workspaces:管理工作区布局": false,
      "switcher:打开快速切换": false,
      "graph:查看关系图谱": false,
      "canvas:Create new canvas": false,
      "daily-notes:打开/创建今天的日记": false,
      "templates:插入模板": false,
      "command-palette:打开命令面板": false
    }
  },
  "active": "ae5a2262e4d933fb",
  "lastOpenFiles": [
    "文献/DeepWalk Online Learning of Social Representations/DeepWalk Online Learning of Social Representations 笔记.md",
    "数据集/Zachary's karate club.md",
    "文献/DeepWalk Online Learning of Social Representations/Pasted image 20230101224439.png",
    "文献/DeepWalk Online Learning of Social Representations/1403.6652.pdf",
    "文献/图神经网络研究进展/图神经网络研究进展.md",
    "文献/DeepWalk Online Learning of Social Representations/DeepWalk Online Learning of Social Representations.md",
    "文献/图神经网络研究进展/图神经网络研究进展 笔记.md",
    "文献/文献列表.md",
    "人物/Rami AI-Rfou.md",
    "机构/Stony Brook University.md"
  ]
}